symbol,open,high,low,close,volume
OANDA:XAUUSD,2909.375,2910.56,2909.11,2910.135,1154.0
OANDA:XAUUSD,2910.11,2910.845,2908.97,2909.705,1034.0
OANDA:XAUUSD,2909.685,2909.685,2908.01,2909.355,669.0
OANDA:XAUUSD,2909.34,2909.395,2908.36,2908.785,495.0
OANDA:XAUUSD,2908.755,2908.755,2906.265,2907.275,1072.0
OANDA:XAUUSD,2907.245,2909.21,2906.615,2909.085,777.0
OANDA:XAUUSD,2909.09,2909.09,2907.915,2908.75,483.0
OANDA:XAUUSD,2908.8,2908.915,2907.91,2907.925,465.0
OANDA:XAUUSD,2907.905,2908.57,2907.3,2907.965,455.0
OANDA:XAUUSD,2908.015,2908.52,2907.66,2908.52,279.0
OANDA:XAUUSD,2908.515,2909.24,2908.06,2909.035,383.0
OANDA:XAUUSD,2908.97,2909.12,2908.33,2909.06,297.0
OANDA:XAUUSD,2909.125,2909.34,2907.735,2908.025,426.0
OANDA:XAUUSD,2908.07,2909.69,2907.965,2909.46,532.0
OANDA:XAUUSD,2909.455,2909.92,2908.745,2909.725,421.0
OANDA:XAUUSD,2909.855,2910.07,2908.92,2909.425,565.0
OANDA:XAUUSD,2909.43,2910.02,2909.125,2909.91,532.0
OANDA:XAUUSD,2909.89,2911.12,2909.59,2910.92,553.0
OANDA:XAUUSD,2911.06,2913.51,2910.53,2910.875,1299.0
OANDA:XAUUSD,2910.87,2913.175,2909.93,2912.52,1243.0
OANDA:XAUUSD,2912.515,2914.395,2911.94,2913.5,1364.0
OANDA:XAUUSD,2913.495,2914.15,2912.605,2913.12,763.0
OANDA:XAUUSD,2913.1,2913.53,2912.435,2912.74,718.0
OANDA:XAUUSD,2912.755,2913.555,2911.885,2913.235,579.0
OANDA:XAUUSD,2913.4,2915.33,2913.24,2914.635,1523.0
OANDA:XAUUSD,2914.63,2915.76,2914.26,2914.77,1228.0
OANDA:XAUUSD,2914.795,2915.37,2912.335,2912.475,1226.0
OANDA:XAUUSD,2912.48,2914.25,2912.135,2912.305,951.0
OANDA:XAUUSD,2912.245,2912.245,2910.705,2911.775,776.0
OANDA:XAUUSD,2911.78,2911.875,2910.42,2910.84,887.0
OANDA:XAUUSD,2910.73,2912.675,2910.07,2911.905,883.0
OANDA:XAUUSD,2911.91,2913.445,2911.36,2913.215,918.0
OANDA:XAUUSD,2913.29,2914.455,2912.44,2914.11,776.0
OANDA:XAUUSD,2914.13,2914.45,2913.185,2913.665,676.0
OANDA:XAUUSD,2913.655,2913.655,2912.195,2912.75,721.0
OANDA:XAUUSD,2912.74,2913.215,2911.77,2913.05,615.0
OANDA:XAUUSD,2913.045,2913.06,2911.435,2911.78,664.0
OANDA:XAUUSD,2911.695,2912.675,2911.335,2912.6,424.0
OANDA:XAUUSD,2912.605,2912.97,2911.27,2911.785,812.0
OANDA:XAUUSD,2911.79,2912.855,2910.955,2912.44,826.0
OANDA:XAUUSD,2912.43,2912.825,2911.555,2912.705,629.0
OANDA:XAUUSD,2912.69,2913.95,2912.66,2913.65,824.0
OANDA:XAUUSD,2913.66,2914.745,2913.55,2914.685,742.0
OANDA:XAUUSD,2914.695,2915.445,2913.98,2914.79,1162.0
OANDA:XAUUSD,2914.765,2915.285,2912.83,2913.65,1071.0
OANDA:XAUUSD,2913.625,2914.7,2913.365,2914.395,590.0
OANDA:XAUUSD,2914.4,2914.685,2913.705,2913.705,591.0
OANDA:XAUUSD,2913.695,2914.195,2913.22,2913.765,460.0
OANDA:XAUUSD,2913.76,2914.18,2911.82,2912.335,883.0
OANDA:XAUUSD,2912.41,2913.425,2912.285,2912.59,418.0
OANDA:XAUUSD,2912.585,2912.78,2911.12,2911.805,579.0
OANDA:XAUUSD,2911.815,2911.855,2908.64,2909.845,1115.0
OANDA:XAUUSD,2909.85,2911.605,2909.345,2911.44,1076.0
OANDA:XAUUSD,2911.435,2912.03,2910.75,2911.6,1270.0
OANDA:XAUUSD,2911.56,2911.83,2908.29,2908.56,1168.0
OANDA:XAUUSD,2908.585,2910.795,2908.445,2910.62,813.0
OANDA:XAUUSD,2910.73,2913.03,2910.35,2911.61,990.0
OANDA:XAUUSD,2911.64,2911.815,2910.425,2911.695,1015.0
OANDA:XAUUSD,2911.68,2911.68,2909.84,2910.27,937.0
OANDA:XAUUSD,2910.265,2911.09,2909.905,2910.65,820.0
OANDA:XAUUSD,2910.635,2910.965,2909.545,2910.275,723.0
OANDA:XAUUSD,2910.265,2911.97,2909.615,2911.845,709.0
OANDA:XAUUSD,2911.89,2913.39,2911.605,2912.085,810.0
OANDA:XAUUSD,2912.04,2912.535,2911.485,2912.18,744.0
OANDA:XAUUSD,2912.175,2912.545,2911.24,2912.38,667.0
OANDA:XAUUSD,2912.37,2912.95,2911.985,2912.515,487.0
OANDA:XAUUSD,2912.545,2912.98,2911.395,2911.42,808.0
OANDA:XAUUSD,2911.425,2912.625,2911.045,2912.56,605.0
OANDA:XAUUSD,2912.525,2912.56,2910.72,2911.545,752.0
OANDA:XAUUSD,2911.54,2911.675,2910.345,2911.055,522.0
OANDA:XAUUSD,2911.07,2911.915,2910.115,2911.695,581.0
OANDA:XAUUSD,2911.765,2912.27,2910.985,2912.185,706.0
OANDA:XAUUSD,2912.195,2913.44,2912.195,2913.295,692.0
OANDA:XAUUSD,2913.315,2913.49,2911.785,2911.97,783.0
OANDA:XAUUSD,2911.975,2912.345,2911.355,2912.085,497.0
OANDA:XAUUSD,2912.13,2912.35,2910.415,2911.635,1361.0
OANDA:XAUUSD,2911.63,2912.7,2911.475,2912.38,872.0
OANDA:XAUUSD,2912.415,2913.295,2912.05,2912.785,856.0
OANDA:XAUUSD,2912.785,2913.585,2912.135,2912.135,891.0
OANDA:XAUUSD,2912.13,2912.585,2911.62,2911.955,384.0
OANDA:XAUUSD,2911.95,2912.32,2911.55,2911.795,356.0
OANDA:XAUUSD,2911.835,2911.97,2910.695,2910.875,461.0
OANDA:XAUUSD,2910.855,2911.09,2910.285,2910.615,635.0
OANDA:XAUUSD,2910.61,2910.785,2909.695,2909.945,758.0
OANDA:XAUUSD,2909.91,2911.05,2908.255,2908.515,1095.0
OANDA:XAUUSD,2908.505,2909.645,2908.495,2909.18,522.0
OANDA:XAUUSD,2909.195,2909.695,2908.235,2908.235,498.0
OANDA:XAUUSD,2908.23,2909.595,2907.19,2909.595,676.0
OANDA:XAUUSD,2909.56,2910.725,2908.995,2910.715,604.0
OANDA:XAUUSD,2910.75,2911.46,2910.19,2911.335,1099.0
OANDA:XAUUSD,2911.375,2912.49,2911.095,2911.095,724.0
OANDA:XAUUSD,2911.1,2911.425,2909.945,2911.245,1135.0
OANDA:XAUUSD,2911.125,2911.705,2911.055,2911.525,800.0
OANDA:XAUUSD,2911.52,2911.795,2911.22,2911.495,475.0
OANDA:XAUUSD,2911.52,2912.355,2911.32,2911.93,860.0
OANDA:XAUUSD,2911.92,2912.55,2911.325,2911.35,915.0
OANDA:XAUUSD,2911.345,2912.1,2911.01,2911.72,555.0
OANDA:XAUUSD,2911.725,2913.005,2911.275,2912.425,1034.0
OANDA:XAUUSD,2912.415,2912.505,2911.79,2911.895,831.0
OANDA:XAUUSD,2911.84,2913.25,2911.79,2912.865,1060.0
OANDA:XAUUSD,2912.855,2913.61,2912.42,2913.435,709.0
OANDA:XAUUSD,2913.415,2914.935,2913.36,2914.32,1477.0
OANDA:XAUUSD,2914.31,2915.165,2913.44,2913.705,1953.0
OANDA:XAUUSD,2913.695,2913.935,2912.46,2912.855,1060.0
OANDA:XAUUSD,2912.88,2913.55,2912.23,2913.03,1257.0
OANDA:XAUUSD,2913.055,2913.4,2912.41,2913.37,996.0
OANDA:XAUUSD,2913.39,2914.13,2913.285,2913.65,709.0
OANDA:XAUUSD,2913.655,2915.495,2913.645,2914.57,790.0
OANDA:XAUUSD,2914.575,2915.52,2914.185,2914.375,909.0
OANDA:XAUUSD,2914.365,2915.51,2914.32,2915.255,609.0
OANDA:XAUUSD,2915.225,2916.88,2914.645,2916.4,1404.0
OANDA:XAUUSD,2916.385,2918.925,2916.37,2917.685,1504.0
OANDA:XAUUSD,2917.68,2918.53,2917.25,2917.615,1270.0
OANDA:XAUUSD,2917.63,2918.315,2916.855,2918.185,769.0
OANDA:XAUUSD,2918.145,2918.685,2916.595,2917.19,2272.0
OANDA:XAUUSD,2917.18,2917.49,2914.51,2914.555,2069.0
OANDA:XAUUSD,2914.46,2915.715,2913.49,2914.705,2457.0
OANDA:XAUUSD,2914.76,2917.59,2914.4,2916.96,2055.0
OANDA:XAUUSD,2916.955,2918.025,2914.975,2916.09,1700.0
OANDA:XAUUSD,2916.105,2918.66,2916.095,2917.825,1392.0
OANDA:XAUUSD,2917.91,2918.405,2915.935,2917.25,1494.0
OANDA:XAUUSD,2917.24,2919.02,2916.835,2918.685,1674.0
OANDA:XAUUSD,2918.69,2920.555,2918.595,2919.925,1832.0
OANDA:XAUUSD,2919.905,2921.37,2917.72,2918.71,1952.0
OANDA:XAUUSD,2918.715,2920.015,2918.315,2919.255,1317.0
OANDA:XAUUSD,2919.26,2919.865,2918.58,2918.77,1354.0
OANDA:XAUUSD,2918.785,2920.665,2918.775,2920.11,1516.0
OANDA:XAUUSD,2920.15,2921.17,2919.92,2920.975,1284.0
OANDA:XAUUSD,2920.985,2922.485,2919.86,2920.065,2029.0
OANDA:XAUUSD,2920.055,2920.445,2917.88,2920.26,2843.0
OANDA:XAUUSD,2920.29,2922.5,2920.08,2922.14,2105.0
OANDA:XAUUSD,2922.12,2923.33,2921.635,2923.18,1209.0
OANDA:XAUUSD,2923.15,2924.855,2922.37,2924.345,3760.0
OANDA:XAUUSD,2924.34,2924.85,2922.485,2922.605,2930.0
OANDA:XAUUSD,2922.75,2925.08,2922.59,2924.21,2243.0
OANDA:XAUUSD,2924.205,2925.705,2923.575,2925.705,2210.0
OANDA:XAUUSD,2925.72,2927.685,2925.705,2926.925,2798.0
OANDA:XAUUSD,2926.935,2928.775,2926.515,2927.985,1956.0
OANDA:XAUUSD,2928.05,2928.695,2925.0,2925.285,2878.0
OANDA:XAUUSD,2925.3,2928.435,2925.3,2927.81,2134.0
OANDA:XAUUSD,2927.8,2929.77,2926.75,2929.21,1587.0
OANDA:XAUUSD,2929.27,2929.495,2925.6,2926.16,2647.0
OANDA:XAUUSD,2926.035,2927.36,2925.93,2926.245,2282.0
OANDA:XAUUSD,2926.29,2927.47,2925.6,2926.49,2049.0
OANDA:XAUUSD,2926.5,2926.585,2923.67,2924.015,1852.0
OANDA:XAUUSD,2924.005,2927.35,2923.63,2926.695,2571.0
OANDA:XAUUSD,2926.69,2928.725,2926.69,2927.415,2314.0
OANDA:XAUUSD,2927.395,2928.6,2927.165,2928.34,1658.0
OANDA:XAUUSD,2928.335,2928.35,2926.24,2926.51,1549.0
OANDA:XAUUSD,2926.46,2927.695,2926.3,2927.14,1343.0
OANDA:XAUUSD,2927.135,2927.615,2924.38,2924.545,1773.0
OANDA:XAUUSD,2924.58,2927.52,2924.49,2926.49,1977.0
OANDA:XAUUSD,2926.5,2928.36,2926.26,2928.245,1595.0
OANDA:XAUUSD,2928.26,2929.07,2928.175,2928.455,2401.0
OANDA:XAUUSD,2928.43,2929.42,2927.54,2927.87,1624.0
OANDA:XAUUSD,2927.86,2928.425,2926.815,2928.085,1596.0
OANDA:XAUUSD,2927.89,2929.235,2927.305,2928.86,1359.0
OANDA:XAUUSD,2928.872,2930.63,2928.755,2929.705,1676.0
OANDA:XAUUSD,2929.735,2932.01,2929.59,2931.23,2152.0
OANDA:XAUUSD,2931.245,2932.535,2930.55,2932.37,1665.0
OANDA:XAUUSD,2932.405,2933.78,2932.24,2932.67,1924.0
OANDA:XAUUSD,2932.66,2933.525,2932.235,2932.955,1517.0
OANDA:XAUUSD,2932.945,2933.745,2930.99,2931.505,1203.0
OANDA:XAUUSD,2931.51,2932.85,2931.46,2932.045,1211.0
OANDA:XAUUSD,2932.06,2932.33,2931.185,2931.755,1312.0
OANDA:XAUUSD,2931.76,2931.985,2930.995,2931.65,561.0
OANDA:XAUUSD,2931.665,2932.87,2931.665,2932.365,1116.0
OANDA:XAUUSD,2932.27,2932.48,2931.4,2931.89,524.0
OANDA:XAUUSD,2931.92,2932.105,2930.955,2931.06,1016.0
OANDA:XAUUSD,2931.215,2932.805,2931.215,2931.335,1181.0
OANDA:XAUUSD,2931.4,2931.89,2931.04,2931.14,987.0
OANDA:XAUUSD,2931.185,2931.365,2929.65,2930.035,1694.0
OANDA:XAUUSD,2930.11,2931.715,2929.895,2930.61,1353.0
OANDA:XAUUSD,2930.605,2931.67,2930.115,2931.22,1496.0
OANDA:XAUUSD,2931.215,2931.395,2930.26,2930.78,1126.0
OANDA:XAUUSD,2930.77,2931.795,2930.41,2931.335,1184.0
OANDA:XAUUSD,2931.365,2932.1,2929.95,2930.005,1178.0
OANDA:XAUUSD,2930.0,2930.295,2929.365,2929.955,856.0
OANDA:XAUUSD,2929.97,2930.49,2928.81,2930.18,862.0
OANDA:XAUUSD,2930.155,2930.775,2928.415,2930.085,1340.0
OANDA:XAUUSD,2930.09,2932.005,2930.08,2931.525,937.0
OANDA:XAUUSD,2931.48,2932.365,2930.86,2931.295,953.0
OANDA:XAUUSD,2931.275,2932.09,2930.915,2932.06,661.0
OANDA:XAUUSD,2932.055,2933.495,2931.9,2933.355,571.0
OANDA:XAUUSD,2933.32,2933.78,2932.725,2932.985,891.0
OANDA:XAUUSD,2932.99,2933.645,2932.895,2933.355,842.0
OANDA:XAUUSD,2933.305,2933.785,2933.12,2933.485,652.0
OANDA:XAUUSD,2933.435,2933.485,2932.915,2933.165,432.0
OANDA:XAUUSD,2933.15,2933.515,2932.035,2932.18,572.0
OANDA:XAUUSD,2932.19,2932.66,2932.065,2932.21,624.0
OANDA:XAUUSD,2932.215,2933.21,2932.05,2933.005,930.0
OANDA:XAUUSD,2933.01,2933.705,2932.655,2933.44,815.0
OANDA:XAUUSD,2933.43,2934.0,2933.1,2933.96,906.0
OANDA:XAUUSD,2933.91,2935.75,2933.862,2935.39,709.0
OANDA:XAUUSD,2935.365,2935.525,2934.645,2935.42,357.0
OANDA:XAUUSD,2935.49,2936.855,2935.37,2936.71,847.0
OANDA:XAUUSD,2936.7,2936.955,2935.7,2936.2,730.0
OANDA:XAUUSD,2936.205,2936.95,2935.79,2935.79,618.0
OANDA:XAUUSD,2935.765,2936.735,2935.68,2936.665,783.0
OANDA:XAUUSD,2936.695,2936.695,2935.43,2936.095,495.0
OANDA:XAUUSD,2936.115,2936.76,2936.01,2936.66,295.0
OANDA:XAUUSD,2936.665,2936.72,2935.34,2935.375,541.0
OANDA:XAUUSD,2935.36,2935.75,2935.285,2935.705,499.0
OANDA:XAUUSD,2935.73,2935.795,2934.73,2934.805,521.0
OANDA:XAUUSD,2934.785,2935.08,2934.24,2934.495,797.0
OANDA:XAUUSD,2934.49,2934.55,2933.615,2934.18,789.0
OANDA:XAUUSD,2934.17,2934.46,2933.6,2933.985,695.0
OANDA:XAUUSD,2934.0,2935.2,2933.84,2935.005,299.0
OANDA:XAUUSD,2934.99,2935.085,2932.8,2932.87,897.0
OANDA:XAUUSD,2932.86,2933.825,2932.485,2933.605,1464.0
OANDA:XAUUSD,2933.585,2934.945,2933.47,2934.355,592.0
OANDA:XAUUSD,2934.35,2934.79,2934.05,2934.47,431.0
OANDA:XAUUSD,2934.4,2934.54,2933.68,2933.905,303.0
OANDA:XAUUSD,2933.9,2934.335,2933.56,2934.015,376.0
OANDA:XAUUSD,2934.045,2934.33,2933.6,2934.295,211.0
OANDA:XAUUSD,2934.285,2934.285,2933.35,2933.495,249.0
OANDA:XAUUSD,2933.48,2933.835,2933.32,2933.645,366.0
OANDA:XAUUSD,2933.64,2934.225,2933.385,2934.225,213.0
OANDA:XAUUSD,2934.26,2935.6,2934.23,2935.48,333.0
OANDA:XAUUSD,2935.455,2935.705,2934.995,2935.65,348.0
OANDA:XAUUSD,2935.67,2936.635,2935.57,2936.285,494.0
OANDA:XAUUSD,2936.26,2936.26,2935.28,2935.42,264.0
OANDA:XAUUSD,2935.06,2935.345,2935.06,2935.34,14.0
OANDA:XAUUSD,2935.335,2935.645,2934.725,2934.82,173.0
OANDA:XAUUSD,2934.81,2934.95,2934.585,2934.85,138.0
OANDA:XAUUSD,2934.84,2935.04,2933.785,2933.86,253.0
OANDA:XAUUSD,2933.855,2933.895,2933.52,2933.865,149.0
OANDA:XAUUSD,2933.87,2933.89,2933.54,2933.65,63.0
OANDA:XAUUSD,2933.615,2933.86,2933.22,2933.805,120.0
OANDA:XAUUSD,2933.825,2934.385,2933.805,2933.96,137.0
OANDA:XAUUSD,2933.93,2934.31,2933.93,2934.175,76.0
OANDA:XAUUSD,2934.08,2934.34,2933.53,2933.915,190.0
OANDA:XAUUSD,2933.965,2934.41,2933.835,2934.125,76.0
OANDA:XAUUSD,2934.13,2934.39,2933.94,2933.995,125.0
OANDA:XAUUSD,2934.005,2934.01,2933.035,2933.355,140.0
OANDA:XAUUSD,2933.36,2934.35,2933.26,2933.275,309.0
OANDA:XAUUSD,2933.265,2933.365,2932.5,2932.765,309.0
OANDA:XAUUSD,2932.77,2933.06,2932.55,2932.775,292.0
OANDA:XAUUSD,2932.78,2932.81,2932.185,2932.265,250.0
OANDA:XAUUSD,2932.27,2933.54,2932.075,2933.465,221.0
OANDA:XAUUSD,2933.43,2933.925,2932.93,2932.97,328.0
OANDA:XAUUSD,2932.91,2933.11,2932.45,2932.54,253.0
OANDA:XAUUSD,2932.54,2932.72,2932.295,2932.315,278.0
OANDA:XAUUSD,2932.305,2932.325,2931.155,2931.25,302.0
OANDA:XAUUSD,2931.32,2931.66,2930.275,2930.74,350.0
OANDA:XAUUSD,2930.745,2930.765,2928.555,2929.34,723.0
OANDA:XAUUSD,2929.32,2931.675,2928.21,2931.675,2118.0
OANDA:XAUUSD,2931.645,2932.345,2931.085,2932.1,1248.0
OANDA:XAUUSD,2932.095,2933.05,2931.93,2932.63,637.0
OANDA:XAUUSD,2932.685,2932.685,2930.45,2931.51,904.0
OANDA:XAUUSD,2931.535,2931.935,2931.085,2931.715,505.0
OANDA:XAUUSD,2931.7,2932.1,2931.14,2931.62,521.0
OANDA:XAUUSD,2931.635,2933.235,2931.39,2932.765,840.0
OANDA:XAUUSD,2932.755,2934.97,2932.62,2934.665,751.0
OANDA:XAUUSD,2934.73,2936.315,2934.73,2936.025,1316.0
OANDA:XAUUSD,2936.03,2937.97,2935.62,2937.75,1123.0
OANDA:XAUUSD,2937.745,2938.83,2937.74,2938.605,1118.0
OANDA:XAUUSD,2938.595,2939.74,2937.835,2938.515,1354.0
OANDA:XAUUSD,2938.53,2939.69,2937.535,2938.56,1696.0
OANDA:XAUUSD,2938.555,2938.555,2936.375,2936.4,1455.0
OANDA:XAUUSD,2936.365,2938.12,2936.2,2936.905,1094.0
OANDA:XAUUSD,2936.9,2938.785,2936.805,2938.15,615.0
OANDA:XAUUSD,2938.16,2938.22,2937.185,2937.195,606.0
OANDA:XAUUSD,2937.175,2937.215,2936.025,2936.08,888.0
OANDA:XAUUSD,2936.145,2936.305,2933.97,2935.435,1094.0
OANDA:XAUUSD,2935.38,2935.415,2933.265,2933.915,1097.0
OANDA:XAUUSD,2933.925,2933.925,2931.87,2932.21,796.0
OANDA:XAUUSD,2932.175,2932.265,2925.655,2926.615,1584.0
OANDA:XAUUSD,2926.645,2928.72,2924.21,2926.985,2296.0
OANDA:XAUUSD,2926.96,2929.92,2926.455,2929.31,1270.0
OANDA:XAUUSD,2929.315,2929.385,2927.02,2928.445,1515.0
OANDA:XAUUSD,2928.46,2928.505,2925.015,2927.795,2160.0
OANDA:XAUUSD,2927.8,2929.505,2927.44,2928.995,1017.0
OANDA:XAUUSD,2929.04,2929.2,2927.65,2928.335,1189.0
OANDA:XAUUSD,2928.38,2930.6,2928.24,2928.78,1318.0
OANDA:XAUUSD,2928.795,2929.48,2927.86,2928.445,917.0
OANDA:XAUUSD,2928.505,2929.225,2928.38,2928.605,648.0
OANDA:XAUUSD,2928.6,2929.215,2928.295,2928.985,752.0
OANDA:XAUUSD,2929.01,2930.4,2928.81,2929.86,513.0
OANDA:XAUUSD,2929.855,2929.975,2928.84,2928.965,372.0
OANDA:XAUUSD,2928.99,2930.06,2928.99,2929.2,468.0
OANDA:XAUUSD,2929.265,2929.265,2928.34,2928.955,527.0
OANDA:XAUUSD,2928.93,2929.1,2928.185,2928.885,411.0
OANDA:XAUUSD,2928.89,2929.7,2928.02,2928.82,646.0
OANDA:XAUUSD,2928.785,2929.085,2927.58,2927.785,732.0
OANDA:XAUUSD,2927.78,2928.57,2927.56,2928.43,740.0
OANDA:XAUUSD,2928.435,2928.91,2928.23,2928.54,389.0
OANDA:XAUUSD,2928.515,2928.535,2927.92,2927.98,611.0
OANDA:XAUUSD,2927.94,2928.015,2927.07,2927.2,505.0
OANDA:XAUUSD,2927.265,2928.31,2926.705,2928.215,599.0
OANDA:XAUUSD,2928.22,2928.74,2928.22,2928.68,213.0
OANDA:XAUUSD,2928.645,2929.275,2928.29,2929.185,733.0
OANDA:XAUUSD,2929.19,2929.6,2927.76,2927.88,720.0
OANDA:XAUUSD,2927.87,2929.415,2927.675,2929.335,651.0
OANDA:XAUUSD,2929.405,2930.4,2929.09,2929.665,884.0
OANDA:XAUUSD,2929.645,2929.895,2929.12,2929.545,485.0
OANDA:XAUUSD,2929.56,2930.22,2928.36,2928.66,697.0
OANDA:XAUUSD,2928.65,2929.535,2928.02,2929.155,867.0
OANDA:XAUUSD,2929.205,2929.82,2928.64,2929.18,716.0
OANDA:XAUUSD,2929.1,2929.89,2928.73,2929.475,743.0
OANDA:XAUUSD,2929.465,2931.52,2929.445,2931.52,829.0
OANDA:XAUUSD,2931.54,2932.565,2930.44,2931.3,1283.0
OANDA:XAUUSD,2931.265,2932.055,2930.865,2931.735,726.0
OANDA:XAUUSD,2931.75,2932.89,2931.66,2932.7,688.0
OANDA:XAUUSD,2932.685,2933.365,2932.155,2933.295,438.0
OANDA:XAUUSD,2933.325,2934.6,2932.33,2932.97,932.0
OANDA:XAUUSD,2932.94,2934.42,2932.65,2934.245,1042.0
OANDA:XAUUSD,2934.27,2935.875,2934.26,2934.915,738.0
OANDA:XAUUSD,2934.9,2935.96,2934.71,2935.01,711.0
OANDA:XAUUSD,2935.005,2935.435,2933.17,2935.385,1009.0
OANDA:XAUUSD,2935.45,2935.885,2934.33,2935.1,608.0
OANDA:XAUUSD,2935.09,2935.22,2934.195,2935.015,544.0
OANDA:XAUUSD,2934.945,2934.945,2933.145,2933.4,808.0
OANDA:XAUUSD,2933.395,2934.115,2932.385,2932.645,716.0
OANDA:XAUUSD,2932.605,2933.845,2931.76,2932.91,663.0
OANDA:XAUUSD,2932.92,2932.99,2931.68,2931.9,787.0
OANDA:XAUUSD,2931.88,2931.895,2930.86,2931.23,608.0
OANDA:XAUUSD,2931.245,2931.875,2931.055,2931.715,546.0
OANDA:XAUUSD,2931.735,2933.43,2930.455,2932.94,1235.0
OANDA:XAUUSD,2932.855,2934.035,2932.855,2933.37,1353.0
OANDA:XAUUSD,2933.57,2934.295,2932.34,2934.25,668.0
OANDA:XAUUSD,2934.255,2935.865,2934.195,2934.88,858.0
OANDA:XAUUSD,2934.9,2935.235,2934.27,2935.005,673.0
OANDA:XAUUSD,2934.995,2935.395,2933.43,2934.66,1048.0
OANDA:XAUUSD,2934.685,2935.32,2933.87,2934.505,516.0
OANDA:XAUUSD,2934.495,2934.875,2932.695,2932.71,798.0
OANDA:XAUUSD,2932.69,2933.73,2932.435,2933.605,721.0
OANDA:XAUUSD,2933.75,2935.135,2933.515,2934.65,641.0
OANDA:XAUUSD,2934.645,2935.305,2934.14,2935.21,376.0
OANDA:XAUUSD,2935.15,2935.56,2934.2,2934.265,522.0
OANDA:XAUUSD,2934.24,2935.125,2934.24,2934.725,645.0
OANDA:XAUUSD,2934.68,2935.865,2933.835,2935.86,1018.0
OANDA:XAUUSD,2935.915,2937.485,2935.91,2937.485,1996.0
OANDA:XAUUSD,2937.47,2937.875,2936.945,2937.415,1308.0
OANDA:XAUUSD,2937.47,2938.655,2937.07,2937.645,1475.0
OANDA:XAUUSD,2937.635,2939.305,2937.385,2939.17,1058.0
OANDA:XAUUSD,2939.16,2939.675,2938.65,2938.75,808.0
OANDA:XAUUSD,2938.76,2940.12,2938.22,2939.95,1497.0
OANDA:XAUUSD,2940.03,2940.17,2938.285,2938.285,867.0
OANDA:XAUUSD,2938.295,2938.365,2937.07,2937.28,1050.0
OANDA:XAUUSD,2937.285,2938.555,2936.5,2938.455,1047.0
OANDA:XAUUSD,2938.48,2938.78,2937.52,2938.775,993.0
OANDA:XAUUSD,2938.78,2939.65,2938.59,2938.91,1181.0
OANDA:XAUUSD,2938.915,2939.61,2938.32,2938.92,1029.0
OANDA:XAUUSD,2938.85,2939.845,2938.64,2939.695,682.0
OANDA:XAUUSD,2939.645,2946.7,2939.49,2945.84,2063.0
OANDA:XAUUSD,2945.92,2946.135,2943.375,2944.42,2224.0
OANDA:XAUUSD,2944.4,2946.085,2944.24,2946.0,1123.0
OANDA:XAUUSD,2945.99,2946.245,2943.97,2944.44,1609.0
OANDA:XAUUSD,2944.415,2945.63,2942.855,2945.63,1409.0
OANDA:XAUUSD,2945.65,2945.68,2943.98,2944.525,493.0
OANDA:XAUUSD,2944.495,2945.47,2943.685,2945.195,908.0
OANDA:XAUUSD,2945.205,2945.49,2944.145,2944.59,491.0
OANDA:XAUUSD,2944.575,2946.24,2943.84,2945.475,685.0
OANDA:XAUUSD,2945.4,2946.955,2945.34,2946.625,942.0
OANDA:XAUUSD,2946.62,2947.08,2945.455,2945.59,748.0
OANDA:XAUUSD,2945.58,2945.66,2942.785,2943.075,1029.0
OANDA:XAUUSD,2943.07,2944.675,2942.8,2944.34,720.0
OANDA:XAUUSD,2944.31,2944.915,2943.27,2943.285,1004.0
OANDA:XAUUSD,2943.3,2945.82,2943.275,2944.415,1172.0
OANDA:XAUUSD,2944.38,2944.755,2943.95,2944.54,1816.0
OANDA:XAUUSD,2944.525,2945.35,2944.35,2944.91,1073.0
OANDA:XAUUSD,2944.895,2945.69,2944.885,2945.36,831.0
OANDA:XAUUSD,2945.355,2945.685,2944.79,2945.09,522.0
OANDA:XAUUSD,2945.145,2945.535,2943.965,2944.325,399.0
OANDA:XAUUSD,2944.33,2945.43,2944.22,2944.965,732.0
OANDA:XAUUSD,2944.93,2946.2,2944.155,2945.325,1247.0
OANDA:XAUUSD,2945.31,2945.92,2944.095,2944.445,705.0
OANDA:XAUUSD,2944.495,2944.525,2943.06,2943.575,534.0
OANDA:XAUUSD,2943.54,2944.03,2943.335,2943.925,368.0
OANDA:XAUUSD,2943.915,2944.62,2943.58,2943.88,299.0
OANDA:XAUUSD,2943.875,2944.18,2943.48,2943.545,596.0
OANDA:XAUUSD,2943.555,2944.58,2943.29,2943.805,684.0
OANDA:XAUUSD,2943.8,2943.9,2940.24,2940.29,1043.0
OANDA:XAUUSD,2940.24,2942.27,2940.15,2941.215,1555.0
OANDA:XAUUSD,2941.23,2941.865,2938.885,2939.035,922.0
OANDA:XAUUSD,2938.995,2939.57,2936.985,2937.84,1723.0
OANDA:XAUUSD,2937.885,2938.02,2934.28,2935.14,1898.0
OANDA:XAUUSD,2935.135,2935.5,2931.41,2934.945,2165.0
OANDA:XAUUSD,2934.975,2935.065,2932.325,2934.42,1359.0
OANDA:XAUUSD,2934.425,2934.895,2933.375,2934.79,1225.0
OANDA:XAUUSD,2934.81,2936.04,2933.465,2933.47,1540.0
OANDA:XAUUSD,2933.465,2934.725,2932.99,2934.605,1068.0
OANDA:XAUUSD,2934.6,2934.66,2932.74,2933.74,517.0
OANDA:XAUUSD,2933.715,2935.375,2933.07,2935.375,1017.0
OANDA:XAUUSD,2935.4,2936.61,2934.915,2936.61,1205.0
OANDA:XAUUSD,2936.62,2936.845,2935.22,2936.245,960.0
OANDA:XAUUSD,2936.255,2936.855,2934.78,2936.28,915.0
OANDA:XAUUSD,2936.295,2936.91,2934.865,2935.45,1539.0
OANDA:XAUUSD,2935.405,2935.405,2933.29,2933.52,1318.0
OANDA:XAUUSD,2933.565,2939.99,2932.79,2939.52,3378.0
OANDA:XAUUSD,2939.54,2941.62,2938.995,2940.525,2259.0
OANDA:XAUUSD,2940.505,2941.09,2939.365,2939.98,1232.0
OANDA:XAUUSD,2940.0,2940.425,2937.72,2939.465,1439.0
OANDA:XAUUSD,2939.425,2940.18,2937.26,2937.57,1752.0
OANDA:XAUUSD,2937.58,2940.67,2937.485,2940.01,1788.0
OANDA:XAUUSD,2940.015,2941.335,2938.06,2941.16,1989.0
OANDA:XAUUSD,2941.17,2941.72,2940.015,2940.685,1610.0
OANDA:XAUUSD,2940.675,2941.08,2939.005,2940.615,1325.0
OANDA:XAUUSD,2940.6,2941.365,2937.645,2937.7,1253.0
OANDA:XAUUSD,2937.69,2937.705,2932.52,2934.96,3406.0
OANDA:XAUUSD,2934.97,2937.245,2934.97,2936.385,2023.0
OANDA:XAUUSD,2936.37,2937.91,2935.015,2936.655,1825.0
OANDA:XAUUSD,2936.725,2939.515,2936.045,2939.015,2175.0
OANDA:XAUUSD,2939.035,2939.805,2938.185,2939.135,1505.0
OANDA:XAUUSD,2939.085,2939.265,2935.47,2936.265,1863.0
OANDA:XAUUSD,2936.37,2937.705,2932.465,2934.42,3019.0
OANDA:XAUUSD,2934.41,2934.52,2930.31,2933.96,4212.0
OANDA:XAUUSD,2933.935,2936.605,2931.63,2934.575,4463.0
OANDA:XAUUSD,2934.57,2935.255,2931.24,2934.54,3778.0
OANDA:XAUUSD,2934.575,2938.01,2934.53,2936.32,2677.0
OANDA:XAUUSD,2936.345,2938.705,2935.82,2937.955,2711.0
OANDA:XAUUSD,2937.96,2939.96,2937.72,2939.11,3006.0
OANDA:XAUUSD,2939.105,2940.58,2938.07,2938.195,2068.0
OANDA:XAUUSD,2938.19,2938.53,2935.215,2935.57,2293.0
OANDA:XAUUSD,2935.54,2937.24,2935.295,2936.38,1951.0
OANDA:XAUUSD,2936.395,2938.435,2935.67,2935.67,1997.0
OANDA:XAUUSD,2935.66,2936.745,2933.49,2933.675,1315.0
OANDA:XAUUSD,2933.655,2938.56,2933.195,2935.73,3098.0
OANDA:XAUUSD,2935.67,2936.28,2934.8,2935.18,1564.0
OANDA:XAUUSD,2935.185,2939.29,2935.18,2938.15,2930.0
OANDA:XAUUSD,2938.14,2938.495,2936.56,2936.83,1847.0
OANDA:XAUUSD,2936.825,2936.845,2935.14,2935.79,1887.0
OANDA:XAUUSD,2935.805,2935.88,2933.27,2934.93,2612.0
OANDA:XAUUSD,2934.935,2935.36,2933.465,2933.63,1358.0
OANDA:XAUUSD,2933.62,2934.18,2925.47,2925.755,2566.0
OANDA:XAUUSD,2925.74,2928.31,2923.05,2927.375,4935.0
OANDA:XAUUSD,2927.375,2930.75,2927.33,2930.215,2539.0
OANDA:XAUUSD,2930.24,2931.065,2927.295,2927.985,2132.0
OANDA:XAUUSD,2927.99,2929.04,2926.18,2927.805,1935.0
OANDA:XAUUSD,2927.76,2928.285,2924.945,2925.71,1720.0
OANDA:XAUUSD,2925.695,2927.155,2925.55,2926.97,1729.0
OANDA:XAUUSD,2926.955,2927.04,2923.43,2924.655,2404.0
OANDA:XAUUSD,2924.68,2926.42,2924.59,2926.405,869.0
OANDA:XAUUSD,2926.455,2929.625,2926.455,2929.075,1651.0
OANDA:XAUUSD,2929.08,2929.455,2927.665,2928.205,1706.0
OANDA:XAUUSD,2928.22,2928.675,2927.81,2928.27,1584.0
OANDA:XAUUSD,2928.18,2928.675,2927.38,2928.165,1452.0
OANDA:XAUUSD,2928.16,2928.365,2926.885,2927.715,1235.0
OANDA:XAUUSD,2927.64,2928.985,2927.45,2928.69,836.0
OANDA:XAUUSD,2928.715,2929.765,2928.49,2928.98,695.0
OANDA:XAUUSD,2928.975,2929.935,2927.985,2928.095,867.0
OANDA:XAUUSD,2928.11,2929.56,2928.035,2928.36,805.0
OANDA:XAUUSD,2928.355,2928.595,2926.815,2927.75,964.0
OANDA:XAUUSD,2927.735,2927.75,2923.61,2924.215,1593.0
OANDA:XAUUSD,2924.205,2925.45,2923.205,2924.9,1867.0
OANDA:XAUUSD,2924.945,2925.505,2922.57,2922.81,1168.0
OANDA:XAUUSD,2922.755,2924.54,2921.58,2924.335,1171.0
OANDA:XAUUSD,2924.34,2924.995,2923.34,2924.775,1290.0
OANDA:XAUUSD,2924.775,2924.865,2923.485,2923.895,1236.0
OANDA:XAUUSD,2923.88,2923.88,2921.685,2922.955,1742.0
OANDA:XAUUSD,2922.945,2923.52,2921.04,2921.82,1539.0
OANDA:XAUUSD,2921.825,2922.685,2920.67,2920.69,2251.0
OANDA:XAUUSD,2920.74,2923.29,2920.2,2921.865,1894.0
OANDA:XAUUSD,2921.77,2922.015,2918.855,2919.79,1557.0
OANDA:XAUUSD,2919.795,2921.175,2918.64,2919.98,1972.0
OANDA:XAUUSD,2919.975,2920.99,2919.375,2920.84,1420.0
OANDA:XAUUSD,2920.855,2922.365,2920.605,2921.945,1362.0
OANDA:XAUUSD,2921.96,2925.23,2921.835,2925.165,1382.0
OANDA:XAUUSD,2925.125,2926.825,2924.42,2925.93,1232.0
OANDA:XAUUSD,2925.94,2925.95,2924.295,2925.68,660.0
OANDA:XAUUSD,2925.695,2926.235,2924.825,2925.34,864.0
OANDA:XAUUSD,2925.365,2926.0,2923.55,2925.135,1505.0
OANDA:XAUUSD,2925.14,2926.88,2924.37,2924.605,1252.0
OANDA:XAUUSD,2924.55,2927.38,2924.21,2927.14,1220.0
OANDA:XAUUSD,2927.12,2930.495,2926.725,2929.08,1576.0
OANDA:XAUUSD,2929.095,2930.55,2929.05,2929.66,820.0
OANDA:XAUUSD,2929.655,2930.71,2928.985,2929.65,851.0
OANDA:XAUUSD,2929.655,2929.79,2928.625,2929.335,642.0
OANDA:XAUUSD,2929.285,2929.81,2928.695,2929.15,1003.0
OANDA:XAUUSD,2929.19,2930.01,2929.025,2929.88,1105.0
OANDA:XAUUSD,2929.89,2930.78,2929.205,2930.72,1118.0
OANDA:XAUUSD,2930.745,2931.8,2930.21,2931.8,893.0
OANDA:XAUUSD,2931.795,2932.405,2931.115,2931.805,1227.0
OANDA:XAUUSD,2931.8,2932.62,2931.405,2932.18,1104.0
OANDA:XAUUSD,2932.185,2932.655,2931.635,2931.9,831.0
OANDA:XAUUSD,2931.89,2933.42,2931.54,2932.7,1182.0
OANDA:XAUUSD,2932.695,2933.445,2932.61,2932.965,1180.0
OANDA:XAUUSD,2932.96,2933.525,2932.34,2933.17,946.0
OANDA:XAUUSD,2933.155,2934.905,2933.125,2934.7,1157.0
OANDA:XAUUSD,2934.735,2936.335,2934.63,2935.99,1289.0
OANDA:XAUUSD,2936.025,2936.665,2935.515,2936.21,1229.0
OANDA:XAUUSD,2936.2,2936.505,2934.325,2934.87,1262.0
OANDA:XAUUSD,2934.905,2934.985,2932.655,2932.685,1606.0
OANDA:XAUUSD,2932.79,2934.51,2932.565,2933.615,1839.0
OANDA:XAUUSD,2933.625,2936.172,2933.35,2935.95,1604.0
OANDA:XAUUSD,2935.98,2936.26,2935.43,2936.1,557.0
OANDA:XAUUSD,2936.05,2937.255,2935.87,2936.12,524.0
OANDA:XAUUSD,2936.115,2937.43,2936.055,2936.455,618.0
OANDA:XAUUSD,2936.44,2936.44,2935.005,2935.57,356.0
OANDA:XAUUSD,2935.575,2935.645,2934.725,2934.725,356.0
OANDA:XAUUSD,2934.722,2934.96,2934.16,2934.275,307.0
OANDA:XAUUSD,2934.205,2934.51,2933.69,2933.76,330.0
OANDA:XAUUSD,2933.745,2933.95,2932.685,2933.535,340.0
OANDA:XAUUSD,2933.385,2933.395,2932.95,2933.045,118.0
OANDA:XAUUSD,2933.04,2933.11,2932.475,2932.85,120.0
OANDA:XAUUSD,2932.855,2933.53,2932.85,2933.23,303.0
OANDA:XAUUSD,2933.22,2933.96,2932.915,2933.26,246.0
OANDA:XAUUSD,2934.175,2934.175,2934.13,2934.13,2.0
OANDA:XAUUSD,2934.14,2934.41,2934.125,2934.4,50.0
